gid,request,reason,weight_kzt,priority_score
100000008603629100,входящие извне выборки,"отдал 5 млн ₸, получил в выборке 1.8 млн ₸: разница 3.2 млн ₸; проверить начальный остаток и невидимый вход",3168856.0,1.0
100000000331309100,входящие извне выборки,"отдал 23 млн ₸, получил в выборке 985 тыс ₸: разница 22 млн ₸; проверить начальный остаток и невидимый вход",22016740.0,0.9879
100000000437046100,входящие извне выборки,"отдал 7.6 млн ₸, получил в выборке 1.1 млн ₸: разница 6.5 млн ₸; проверить начальный остаток и невидимый вход",6499024.0,0.9798
100000003684369100,входящие seed (источник выручки),seed переправил 8.6 млн ₸; входящие seed в выгрузке неполны,8588655.0,0.9493
100000008477350100,входящие извне выборки,"отдал 3.4 млн ₸, получил в выборке 610 тыс ₸: разница 2.8 млн ₸; проверить начальный остаток и невидимый вход",2764766.0,0.9396
100000004400305100,входящие извне выборки,"отдал 5.8 млн ₸, получил в выборке 223 тыс ₸: разница 5.6 млн ₸; проверить начальный остаток и невидимый вход",5607381.0,0.8911
100000002224132100,входящие извне выборки,"отдал 12.1 млн ₸, получил в выборке 4 млн ₸: разница 8.2 млн ₸; проверить начальный остаток и невидимый вход",8163980.0,0.8897
100000008547948100,входящие извне выборки,"отдал 5.2 млн ₸, получил в выборке 213 тыс ₸: разница 5 млн ₸; проверить начальный остаток и невидимый вход",4972935.0,0.8686
100000004156082100,входящие извне выборки,"отдал 2.3 млн ₸, получил в выборке 377 тыс ₸: разница 1.9 млн ₸; проверить начальный остаток и невидимый вход",1942189.8900000001,0.8521
100000006866783100,входящие seed (источник выручки),seed переправил 3.9 млн ₸; входящие seed в выгрузке неполны,3948037.0,0.82
100000003016635100,входящие seed (источник выручки),seed переправил 9.4 млн ₸; входящие seed в выгрузке неполны,9414081.0,0.8136
100000008346837100,входящие извне выборки,"отдал 1.3 млн ₸, получил в выборке 254 тыс ₸: разница 1 млн ₸; проверить начальный остаток и невидимый вход",1004284.0,0.8104
100000002578405100,входящие извне выборки,"отдал 3.1 млн ₸, получил в выборке 1.2 млн ₸: разница 1.9 млн ₸; проверить начальный остаток и невидимый вход",1908001.0,0.8031
100000008748914100,входящие извне выборки,"отдал 4.5 млн ₸, получил в выборке 180 тыс ₸: разница 4.3 млн ₸; проверить начальный остаток и невидимый вход",4291847.0,0.7992
100000008489922100,входящие извне выборки,"отдал 3.8 млн ₸, получил в выборке 262 тыс ₸: разница 3.5 млн ₸; проверить начальный остаток и невидимый вход",3527890.0,0.7838
100000001857829100,входящие извне выборки,"отдал 2.4 млн ₸, получил в выборке 889 тыс ₸: разница 1.5 млн ₸; проверить начальный остаток и невидимый вход",1502458.0,0.7687
100000005242320100,входящие извне выборки,"отдал 8.9 млн ₸, получил в выборке 366 тыс ₸: разница 8.6 млн ₸; проверить начальный остаток и невидимый вход",8570595.0,0.7646
100000007594394100,входящие извне выборки,"отдал 3.4 млн ₸, получил в выборке 395 тыс ₸: разница 3 млн ₸; проверить начальный остаток и невидимый вход",2980927.0,0.7646
100000008637537100,входящие seed (источник выручки),seed переправил 2.4 млн ₸; входящие seed в выгрузке неполны,2351495.0,0.7602
100000005704413100,входящие извне выборки,"отдал 1.4 млн ₸, получил в выборке 98 тыс ₸: разница 1.3 млн ₸; проверить начальный остаток и невидимый вход",1265758.33,0.76
100000005933757100,входящие извне выборки,"отдал 3 млн ₸, получил в выборке 1.2 млн ₸: разница 1.8 млн ₸; проверить начальный остаток и невидимый вход",1756628.0,0.7581
100000005910114100,входящие извне выборки,"отдал 1.5 млн ₸, получил в выборке 326 тыс ₸: разница 1.1 млн ₸; проверить начальный остаток и невидимый вход",1143849.0,0.7545
100000002957787100,входящие извне выборки,"отдал 1.3 млн ₸, получил в выборке 85 тыс ₸: разница 1.2 млн ₸; проверить начальный остаток и невидимый вход",1191197.96,0.747
100000008304139100,входящие извне выборки,"отдал 1.7 млн ₸, получил в выборке 189 тыс ₸: разница 1.5 млн ₸; проверить начальный остаток и невидимый вход",1503667.25,0.7405
100000005782781100,входящие извне выборки,"отдал 1.3 млн ₸, получил в выборке 172 тыс ₸: разница 1.1 млн ₸; проверить начальный остаток и невидимый вход",1091709.0,0.7324
100000003242289100,входящие извне выборки,"отдал 2.4 млн ₸, получил в выборке 551 тыс ₸: разница 1.8 млн ₸; проверить начальный остаток и невидимый вход",1826950.0,0.732
100000004351795100,входящие извне выборки,"отдал 1.7 млн ₸, получил в выборке 118 тыс ₸: разница 1.6 млн ₸; проверить начальный остаток и невидимый вход",1596828.0,0.7178
100000003880331100,входящие извне выборки,"отдал 3.9 млн ₸, получил в выборке 100 тыс ₸: разница 3.8 млн ₸; проверить начальный остаток и невидимый вход",3804908.0,0.7114
100000001697501100,входящие извне выборки,"отдал 1.5 млн ₸, получил в выборке 124 тыс ₸: разница 1.4 млн ₸; проверить начальный остаток и невидимый вход",1358906.0,0.7094
100000008748408100,входящие извне выборки,"отдал 1.5 млн ₸, получил в выборке 360 тыс ₸: разница 1.1 млн ₸; проверить начальный остаток и невидимый вход",1139960.0,0.7092
100000004070318100,входящие извне выборки,"отдал 552 тыс ₸, получил в выборке 207 тыс ₸: разница 345 тыс ₸; проверить начальный остаток и невидимый вход",344613.45,0.7026
100000002718366100,снятие наличных / межбанк / покупки,"получил 2.5 млн ₸ от 6, внутрибанковских исходящих нет",2525000.0,0.6985
100000008710791100,входящие извне выборки,"отдал 5.5 млн ₸, получил в выборке 182 тыс ₸: разница 5.3 млн ₸; проверить начальный остаток и невидимый вход",5340001.0,0.6897
100000002894076100,снятие наличных / межбанк / покупки,"получил 1.1 млн ₸ от 4, внутрибанковских исходящих нет",1122782.0,0.6854
100000000343175100,входящие seed (источник выручки),seed переправил 4 млн ₸; входящие seed в выгрузке неполны,4000039.0,0.6829
100000008730846100,входящие извне выборки,"отдал 363 тыс ₸, получил в выборке 155 тыс ₸: разница 208 тыс ₸; проверить начальный остаток и невидимый вход",208328.0,0.6802
100000002527114100,входящие seed (источник выручки),seed переправил 3.3 млн ₸; входящие seed в выгрузке неполны,3289249.0,0.6782
100000001732159100,входящие seed (источник выручки),seed переправил 1.5 млн ₸; входящие seed в выгрузке неполны,1505966.0,0.6764
100000003404627100,снятие наличных / межбанк / покупки,"получил 878 тыс ₸ от 4, внутрибанковских исходящих нет",877700.0,0.6641
100000008547844100,входящие извне выборки,"отдал 2 млн ₸, получил в выборке 178 тыс ₸: разница 1.9 млн ₸; проверить начальный остаток и невидимый вход",1864599.0,0.6609
100000008465789100,входящие извне выборки,"отдал 1.9 млн ₸, получил в выборке 30 тыс ₸: разница 1.8 млн ₸; проверить начальный остаток и невидимый вход",1828001.0,0.6598
100000008517538100,входящие извне выборки,"отдал 1.4 млн ₸, получил в выборке 156 тыс ₸: разница 1.3 млн ₸; проверить начальный остаток и невидимый вход",1283500.0,0.6484
100000004160650100,входящие извне выборки,"отдал 1.5 млн ₸, получил в выборке 75 тыс ₸: разница 1.4 млн ₸; проверить начальный остаток и невидимый вход",1414727.0,0.6448
100000003796063100,входящие извне выборки,"отдал 959 тыс ₸, получил в выборке 35 тыс ₸: разница 924 тыс ₸; проверить начальный остаток и невидимый вход",924150.0,0.6412
100000000332284100,входящие извне выборки,"отдал 290 тыс ₸, получил в выборке 107 тыс ₸: разница 182 тыс ₸; проверить начальный остаток и невидимый вход",182074.0,0.6362
100000008743913100,входящие извне выборки,"отдал 1.9 млн ₸, получил в выборке 149 тыс ₸: разница 1.7 млн ₸; проверить начальный остаток и невидимый вход",1701300.0,0.6226
100000001162560100,входящие извне выборки,"отдал 2.9 млн ₸, получил в выборке 331 тыс ₸: разница 2.6 млн ₸; проверить начальный остаток и невидимый вход",2573098.0,0.6211
100000001282143100,снятие наличных / межбанк / покупки,"получил 1.7 млн ₸ от 5, внутрибанковских исходящих нет",1700000.0,0.6178
100000005578559100,входящие извне выборки,"отдал 893 тыс ₸, получил в выборке 131 тыс ₸: разница 762 тыс ₸; проверить начальный остаток и невидимый вход",762163.67,0.6171
100000001072022100,снятие наличных / межбанк / покупки,"получил 1.7 млн ₸ от 3, внутрибанковских исходящих нет",1684000.0,0.6086
100000002547110100,снятие наличных / межбанк / покупки,"получил 1.5 млн ₸ от 6, внутрибанковских исходящих нет",1500000.0,0.6079
100000002605308100,снятие наличных / межбанк / покупки,"получил 2.6 млн ₸ от 3, внутрибанковских исходящих нет",2569521.84,0.6058
100000008512827100,входящие извне выборки,"отдал 1.9 млн ₸, получил в выборке 108 тыс ₸: разница 1.8 млн ₸; проверить начальный остаток и невидимый вход",1836551.0,0.6019
100000007442518100,входящие извне выборки,"отдал 4.4 млн ₸, получил в выборке 510 тыс ₸: разница 3.9 млн ₸; проверить начальный остаток и невидимый вход",3909999.0,0.5926
100000008466579100,входящие извне выборки,"отдал 1.9 млн ₸, получил в выборке 37 тыс ₸: разница 1.9 млн ₸; проверить начальный остаток и невидимый вход",1896048.0,0.5924
100000004150593100,входящие извне выборки,"отдал 871 тыс ₸, получил в выборке 57 тыс ₸: разница 814 тыс ₸; проверить начальный остаток и невидимый вход",814165.0,0.5888
100000001303311100,снятие наличных / межбанк / покупки,"получил 1.3 млн ₸ от 5, внутрибанковских исходящих нет",1324000.0,0.5878
100000003854444100,входящие извне выборки,"отдал 2.3 млн ₸, получил в выборке 210 тыс ₸: разница 2.1 млн ₸; проверить начальный остаток и невидимый вход",2112909.0,0.5868
100000008413748100,входящие извне выборки,"отдал 1.4 млн ₸, получил в выборке 26 тыс ₸: разница 1.4 млн ₸; проверить начальный остаток и невидимый вход",1350840.22,0.5845
100000004041163100,входящие seed (источник выручки),seed переправил 866 тыс ₸; входящие seed в выгрузке неполны,866000.0,0.5823
100000002849158100,входящие извне выборки,"отдал 1.3 млн ₸, получил в выборке 723 тыс ₸: разница 590 тыс ₸; проверить начальный остаток и невидимый вход",590000.0,0.5798
100000002173161100,снятие наличных / межбанк / покупки,"получил 1.4 млн ₸ от 3, внутрибанковских исходящих нет",1427500.0,0.5744
100000001616816100,входящие seed (источник выручки),seed переправил 181 тыс ₸; входящие seed в выгрузке неполны,181326.0,0.567
100000002175422100,входящие извне выборки,"отдал 1.6 млн ₸, получил в выборке 68 тыс ₸: разница 1.6 млн ₸; проверить начальный остаток и невидимый вход",1552688.0,0.561
100000005778283100,снятие наличных / межбанк / покупки,"получил 616 тыс ₸ от 3, внутрибанковских исходящих нет",615760.0,0.5589
100000008659445100,входящие seed (источник выручки),seed переправил 875 тыс ₸; входящие seed в выгрузке неполны,875150.0,0.558
100000004962193100,снятие наличных / межбанк / покупки,"получил 900 тыс ₸ от 8, внутрибанковских исходящих нет",900468.0,0.5579
100000001937767100,входящие извне выборки,"отдал 1.9 млн ₸, получил в выборке 53 тыс ₸: разница 1.9 млн ₸; проверить начальный остаток и невидимый вход",1880000.0,0.5575
100000006707582100,входящие извне выборки,"отдал 961 тыс ₸, получил в выборке 40 тыс ₸: разница 922 тыс ₸; проверить начальный остаток и невидимый вход",921618.0,0.5542
100000002723538100,входящие извне выборки,"отдал 560 тыс ₸, получил в выборке 106 тыс ₸: разница 455 тыс ₸; проверить начальный остаток и невидимый вход",454852.0,0.5528
100000007593823100,входящие извне выборки,"отдал 163 тыс ₸, получил в выборке 25 тыс ₸: разница 138 тыс ₸; проверить начальный остаток и невидимый вход",137900.0,0.5486
100000008571433100,входящие seed (источник выручки),seed переправил 1.4 млн ₸; входящие seed в выгрузке неполны,1434000.0,0.5472
100000008144528100,снятие наличных / межбанк / покупки,"получил 1.1 млн ₸ от 5, внутрибанковских исходящих нет",1068202.6,0.5469
100000000274067100,входящие извне выборки,"отдал 3 млн ₸, получил в выборке 518 тыс ₸: разница 2.5 млн ₸; проверить начальный остаток и невидимый вход",2451296.0,0.5451
100000008742053100,входящие извне выборки,"отдал 2.8 млн ₸, получил в выборке 10 тыс ₸: разница 2.8 млн ₸; проверить начальный остаток и невидимый вход",2779000.0,0.5407
100000006977207100,входящие извне выборки,"отдал 4.2 млн ₸, получил в выборке 414 тыс ₸: разница 3.7 млн ₸; проверить начальный остаток и невидимый вход",3743018.0,0.5365
100000002603769100,снятие наличных / межбанк / покупки,"получил 1.2 млн ₸ от 3, внутрибанковских исходящих нет",1185368.0,0.5357
100000003528285100,входящие извне выборки,"отдал 548 тыс ₸, получил в выборке 119 тыс ₸: разница 429 тыс ₸; проверить начальный остаток и невидимый вход",429130.0,0.5315
100000001463701100,снятие наличных / межбанк / покупки,"получил 621 тыс ₸ от 2, внутрибанковских исходящих нет",621000.0,0.5282
100000008710843100,входящие извне выборки,"отдал 2 млн ₸, получил в выборке 34 тыс ₸: разница 2 млн ₸; проверить начальный остаток и невидимый вход",1951556.0,0.5232
100000001411870100,снятие наличных / межбанк / покупки,"получил 900 тыс ₸ от 2, внутрибанковских исходящих нет",900000.0,0.5212
100000000580561100,входящие seed (источник выручки),seed переправил 1.5 млн ₸; входящие seed в выгрузке неполны,1488077.0,0.5208
100000001527186100,снятие наличных / межбанк / покупки,"получил 678 тыс ₸ от 1, внутрибанковских исходящих нет",678000.0,0.5193
100000002939838100,снятие наличных / межбанк / покупки,"получил 571 тыс ₸ от 3, внутрибанковских исходящих нет",571233.0,0.5161
100000003923946100,входящие извне выборки,"отдал 675 тыс ₸, получил в выборке 282 тыс ₸: разница 393 тыс ₸; проверить начальный остаток и невидимый вход",393000.0,0.5148
100000004847758100,входящие извне выборки,"отдал 489 тыс ₸, получил в выборке 115 тыс ₸: разница 374 тыс ₸; проверить начальный остаток и невидимый вход",373629.0,0.5148
100000002963189100,входящие извне выборки,"отдал 5.2 млн ₸, получил в выборке 490 тыс ₸: разница 4.7 млн ₸; проверить начальный остаток и невидимый вход",4729000.0,0.514
100000002480800100,снятие наличных / межбанк / покупки,"получил 569 тыс ₸ от 2, внутрибанковских исходящих нет",569251.0,0.5135
100000005287097100,входящие извне выборки,"отдал 697 тыс ₸, получил в выборке 127 тыс ₸: разница 570 тыс ₸; проверить начальный остаток и невидимый вход",570127.0,0.5081
100000006579678100,входящие извне выборки,"отдал 1.7 млн ₸, получил в выборке 193 тыс ₸: разница 1.5 млн ₸; проверить начальный остаток и невидимый вход",1475870.0,0.5053
100000001965374100,входящие извне выборки,"отдал 3.1 млн ₸, получил в выборке 1.8 млн ₸: разница 1.3 млн ₸; проверить начальный остаток и невидимый вход",1322380.0,0.5033
100000008418835100,входящие seed (источник выручки),seed переправил 186 тыс ₸; входящие seed в выгрузке неполны,186179.0,0.5018
100000007229557100,снятие наличных / межбанк / покупки,"получил 878 тыс ₸ от 3, внутрибанковских исходящих нет",878000.0,0.5012
100000008601794100,входящие seed (источник выручки),seed переправил 871 тыс ₸; входящие seed в выгрузке неполны,871400.0,0.5
100000008460102100,входящие извне выборки,"отдал 477 тыс ₸, получил в выборке 18 тыс ₸: разница 459 тыс ₸; проверить начальный остаток и невидимый вход",459070.0,0.4984
100000001567366100,снятие наличных / межбанк / покупки,"получил 824 тыс ₸ от 1, внутрибанковских исходящих нет",824070.0,0.4966
100000004140487100,входящие извне выборки,"отдал 263 тыс ₸, получил в выборке 25 тыс ₸: разница 238 тыс ₸; проверить начальный остаток и невидимый вход",238090.0,0.4962
100000004717647100,входящие извне выборки,"отдал 2.2 млн ₸, получил в выборке 300 тыс ₸: разница 1.9 млн ₸; проверить начальный остаток и невидимый вход",1940000.0,0.4959
100000002369874100,снятие наличных / межбанк / покупки,"получил 600 тыс ₸ от 4, внутрибанковских исходящих нет",600000.0,0.4949
100000002793881100,снятие наличных / межбанк / покупки,"получил 786 тыс ₸ от 3, внутрибанковских исходящих нет",785600.0,0.4924
100000008314203100,входящие seed (источник выручки),seed переправил 327 тыс ₸; входящие seed в выгрузке неполны,327000.0,0.4911
100000008461532100,входящие извне выборки,"отдал 2.5 млн ₸, получил в выборке 565 тыс ₸: разница 2 млн ₸; проверить начальный остаток и невидимый вход",1964790.0,0.4906
100000008512552100,входящие извне выборки,"отдал 1.3 млн ₸, получил в выборке 394 тыс ₸: разница 908 тыс ₸; проверить начальный остаток и невидимый вход",907915.0,0.4888
100000001530983100,входящие извне выборки,"отдал 1.8 млн ₸, получил в выборке 564 тыс ₸: разница 1.3 млн ₸; проверить начальный остаток и невидимый вход",1265380.0,0.4884
100000002836736100,снятие наличных / межбанк / покупки,"получил 509 тыс ₸ от 2, внутрибанковских исходящих нет",509000.0,0.4875
100000005523088100,снятие наличных / межбанк / покупки,"получил 700 тыс ₸ от 1, внутрибанковских исходящих нет",700000.0,0.4864
100000002956769100,снятие наличных / межбанк / покупки,"получил 840 тыс ₸ от 3, внутрибанковских исходящих нет",840000.0,0.4834
100000003835149100,входящие извне выборки,"отдал 4.6 млн ₸, получил в выборке 248 тыс ₸: разница 4.4 млн ₸; проверить начальный остаток и невидимый вход",4351940.0,0.481
100000004906181100,входящие извне выборки,"отдал 2.5 млн ₸, получил в выборке 100 тыс ₸: разница 2.4 млн ₸; проверить начальный остаток и невидимый вход",2373417.91,0.4804
100000001875239100,снятие наличных / межбанк / покупки,"получил 712 тыс ₸ от 3, внутрибанковских исходящих нет",712000.0,0.4792
100000003213473100,входящие извне выборки,"отдал 240 тыс ₸, получил в выборке 58 тыс ₸: разница 182 тыс ₸; проверить начальный остаток и невидимый вход",182500.0,0.4786
100000005183943100,снятие наличных / межбанк / покупки,"получил 681 тыс ₸ от 1, внутрибанковских исходящих нет",680900.0,0.4674
100000002443664100,снятие наличных / межбанк / покупки,"получил 557 тыс ₸ от 3, внутрибанковских исходящих нет",556880.0,0.4668
100000008746449100,входящие извне выборки,"отдал 1 млн ₸, получил в выборке 10 тыс ₸: разница 999 тыс ₸; проверить начальный остаток и невидимый вход",999000.0,0.4647
100000002645609100,снятие наличных / межбанк / покупки,"получил 547 тыс ₸ от 4, внутрибанковских исходящих нет",546820.6799999999,0.4646
100000003159641100,входящие извне выборки,"отдал 198 тыс ₸, получил в выборке 64 тыс ₸: разница 134 тыс ₸; проверить начальный остаток и невидимый вход",133800.0,0.4588
100000003111305100,снятие наличных / межбанк / покупки,"получил 509 тыс ₸ от 4, внутрибанковских исходящих нет",509338.0,0.4524
100000003157679100,снятие наличных / межбанк / покупки,"получил 541 тыс ₸ от 4, внутрибанковских исходящих нет",541000.0,0.4515
100000002872399100,снятие наличных / межбанк / покупки,"получил 1.1 млн ₸ от 1, внутрибанковских исходящих нет",1090000.0,0.45
100000001611488100,снятие наличных / межбанк / покупки,"получил 779 тыс ₸ от 2, внутрибанковских исходящих нет",779300.0,0.4498
100000005612411100,входящие извне выборки,"отдал 507 тыс ₸, получил в выборке 116 тыс ₸: разница 391 тыс ₸; проверить начальный остаток и невидимый вход",391497.0,0.4494
100000002217161100,входящие извне выборки,"отдал 995 тыс ₸, получил в выборке 405 тыс ₸: разница 590 тыс ₸; проверить начальный остаток и невидимый вход",590382.0,0.449
100000002267998100,входящие извне выборки,"отдал 1.1 млн ₸, получил в выборке 420 тыс ₸: разница 695 тыс ₸; проверить начальный остаток и невидимый вход",695000.0,0.4467
100000008545727100,входящие извне выборки,"отдал 1.9 млн ₸, получил в выборке 30 тыс ₸: разница 1.8 млн ₸; проверить начальный остаток и невидимый вход",1836500.0,0.4463
100000003977183100,входящие seed (источник выручки),seed переправил 766 тыс ₸; входящие seed в выгрузке неполны,766000.0,0.4449
100000004722765100,входящие извне выборки,"отдал 2.3 млн ₸, получил в выборке 230 тыс ₸: разница 2.1 млн ₸; проверить начальный остаток и невидимый вход",2054500.0,0.4433
100000004390333100,входящие извне выборки,"отдал 506 тыс ₸, получил в выборке 65 тыс ₸: разница 442 тыс ₸; проверить начальный остаток и невидимый вход",441942.0,0.4413
100000008731444100,входящие извне выборки,"отдал 880 тыс ₸, получил в выборке 439 тыс ₸: разница 441 тыс ₸; проверить начальный остаток и невидимый вход",440767.80000000005,0.4405
100000001584286100,снятие наличных / межбанк / покупки,"получил 739 тыс ₸ от 2, внутрибанковских исходящих нет",738699.0,0.4381
100000002733905100,входящие извне выборки,"отдал 718 тыс ₸, получил в выборке 100 тыс ₸: разница 618 тыс ₸; проверить начальный остаток и невидимый вход",617839.0,0.4355
100000000089154100,входящие извне выборки,"отдал 426 тыс ₸, получил в выборке 10 тыс ₸: разница 416 тыс ₸; проверить начальный остаток и невидимый вход",415500.0,0.4328
100000001714173100,снятие наличных / межбанк / покупки,"получил 639 тыс ₸ от 1, внутрибанковских исходящих нет",638905.0,0.4294
100000002731501100,входящие извне выборки,"отдал 834 тыс ₸, получил в выборке 570 тыс ₸: разница 264 тыс ₸; проверить начальный остаток и невидимый вход",263590.0,0.4275
100000008758168100,входящие извне выборки,"отдал 1.5 млн ₸, получил в выборке 75 тыс ₸: разница 1.5 млн ₸; проверить начальный остаток и невидимый вход",1458190.0,0.4265
100000002945626100,снятие наличных / межбанк / покупки,"получил 584 тыс ₸ от 3, внутрибанковских исходящих нет",584000.0,0.4238
100000004007116100,входящие seed (источник выручки),seed переправил 148 тыс ₸; входящие seed в выгрузке неполны,148000.0,0.4222
100000008603331100,входящие извне выборки,"отдал 742 тыс ₸, получил в выборке 40 тыс ₸: разница 702 тыс ₸; проверить начальный остаток и невидимый вход",702274.0,0.419
100000002241986100,входящие извне выборки,"отдал 3.1 млн ₸, получил в выборке 280 тыс ₸: разница 2.8 млн ₸; проверить начальный остаток и невидимый вход",2797000.0,0.415
100000002459832100,снятие наличных / межбанк / покупки,"получил 881 тыс ₸ от 2, внутрибанковских исходящих нет",880606.0,0.415
100000001875167100,снятие наличных / межбанк / покупки,"получил 1 млн ₸ от 1, внутрибанковских исходящих нет",1000000.0,0.4141
100000008650785100,входящие seed (источник выручки),seed переправил 120 тыс ₸; входящие seed в выгрузке неполны,120120.0,0.411
100000007898453100,входящие извне выборки,"отдал 320 тыс ₸, получил в выборке 25 тыс ₸: разница 295 тыс ₸; проверить начальный остаток и невидимый вход",295250.0,0.41
100000008752616100,входящие извне выборки,"отдал 1.3 млн ₸, получил в выборке 65 тыс ₸: разница 1.2 млн ₸; проверить начальный остаток и невидимый вход",1200490.0,0.4078
100000008730371100,снятие наличных / межбанк / покупки,"получил 520 тыс ₸ от 2, внутрибанковских исходящих нет",520000.0,0.4071
100000002936322100,снятие наличных / межбанк / покупки,"получил 787 тыс ₸ от 2, внутрибанковских исходящих нет",787133.0,0.4052
100000003221384100,снятие наличных / межбанк / покупки,"получил 511 тыс ₸ от 1, внутрибанковских исходящих нет",511200.0,0.4037
100000001904863100,снятие наличных / межбанк / покупки,"получил 500 тыс ₸ от 1, внутрибанковских исходящих нет",500000.0,0.4035
100000004399686100,снятие наличных / межбанк / покупки,"получил 806 тыс ₸ от 1, внутрибанковских исходящих нет",806000.0,0.3996
100000003366154100,входящие извне выборки,"отдал 289 тыс ₸, получил в выборке 125 тыс ₸: разница 164 тыс ₸; проверить начальный остаток и невидимый вход",164170.0,0.3973
100000008213966100,входящие извне выборки,"отдал 437 тыс ₸, получил в выборке 187 тыс ₸: разница 250 тыс ₸; проверить начальный остаток и невидимый вход",249896.0,0.3965
100000003964910100,снятие наличных / межбанк / покупки,"получил 1 млн ₸ от 2, внутрибанковских исходящих нет",1000000.0,0.3962
100000008628231100,входящие извне выборки,"отдал 628 тыс ₸, получил в выборке 50 тыс ₸: разница 578 тыс ₸; проверить начальный остаток и невидимый вход",577870.0,0.3929
100000003163886100,снятие наличных / межбанк / покупки,"получил 500 тыс ₸ от 1, внутрибанковских исходящих нет",500000.0,0.3906
100000004587414100,снятие наличных / межбанк / покупки,"получил 534 тыс ₸ от 2, внутрибанковских исходящих нет",533603.0,0.3899
100000004017410100,входящие извне выборки,"отдал 1.3 млн ₸, получил в выборке 194 тыс ₸: разница 1.1 млн ₸; проверить начальный остаток и невидимый вход",1137265.0,0.3879
100000002753146100,снятие наличных / межбанк / покупки,"получил 804 тыс ₸ от 1, внутрибанковских исходящих нет",803540.0,0.3847
100000002722108100,снятие наличных / межбанк / покупки,"получил 800 тыс ₸ от 1, внутрибанковских исходящих нет",800000.0,0.3844
100000002748761100,снятие наличных / межбанк / покупки,"получил 797 тыс ₸ от 1, внутрибанковских исходящих нет",796800.0,0.3841
100000002152857100,входящие извне выборки,"отдал 1.2 млн ₸, получил в выборке 105 тыс ₸: разница 1.1 млн ₸; проверить начальный остаток и невидимый вход",1125000.0,0.3837
100000008193577100,входящие извне выборки,"отдал 480 тыс ₸, получил в выборке 154 тыс ₸: разница 326 тыс ₸; проверить начальный остаток и невидимый вход",325880.0,0.3837
100000008497298100,снятие наличных / межбанк / покупки,"получил 600 тыс ₸ от 1, внутрибанковских исходящих нет",600000.0,0.3831
100000008137435100,входящие извне выборки,"отдал 1.4 млн ₸, получил в выборке 94 тыс ₸: разница 1.3 млн ₸; проверить начальный остаток и невидимый вход",1325794.0,0.3821
100000004670388100,входящие извне выборки,"отдал 720 тыс ₸, получил в выборке 160 тыс ₸: разница 560 тыс ₸; проверить начальный остаток и невидимый вход",559646.0,0.3769
100000006232815100,входящие seed (источник выручки),seed переправил 296 тыс ₸; входящие seed в выгрузке неполны,296500.0,0.3758
100000003164661100,снятие наличных / межбанк / покупки,"получил 596 тыс ₸ от 1, внутрибанковских исходящих нет",596200.0,0.3756
100000005527892100,входящие извне выборки,"отдал 552 тыс ₸, получил в выборке 220 тыс ₸: разница 332 тыс ₸; проверить начальный остаток и невидимый вход",332418.0,0.3727
100000002559089100,снятие наличных / межбанк / покупки,"получил 715 тыс ₸ от 2, внутрибанковских исходящих нет",715000.0,0.3697
100000007639767100,входящие извне выборки,"отдал 822 тыс ₸, получил в выборке 91 тыс ₸: разница 731 тыс ₸; проверить начальный остаток и невидимый вход",731331.0,0.3696
100000008221543100,снятие наличных / межбанк / покупки,"получил 542 тыс ₸ от 2, внутрибанковских исходящих нет",542000.0,0.3686
100000008389800100,входящие извне выборки,"отдал 402 тыс ₸, получил в выборке 189 тыс ₸: разница 213 тыс ₸; проверить начальный остаток и невидимый вход",212620.0,0.368
100000007747786100,входящие seed (источник выручки),seed переправил 4.2 млн ₸; входящие seed в выгрузке неполны,4238009.4,0.3668
100000004737764100,снятие наличных / межбанк / покупки,"получил 600 тыс ₸ от 1, внутрибанковских исходящих нет",600000.0,0.3662
100000001380054100,входящие извне выборки,"отдал 360 тыс ₸, получил в выборке 127 тыс ₸: разница 233 тыс ₸; проверить начальный остаток и невидимый вход",232950.0,0.3659
100000003457710100,входящие извне выборки,"отдал 1.3 млн ₸, получил в выборке 327 тыс ₸: разница 979 тыс ₸; проверить начальный остаток и невидимый вход",979445.0,0.3656
100000001690558100,снятие наличных / межбанк / покупки,"получил 740 тыс ₸ от 1, внутрибанковских исходящих нет",740000.0,0.3608
100000004183610100,входящие извне выборки,"отдал 915 тыс ₸, получил в выборке 22 тыс ₸: разница 893 тыс ₸; проверить начальный остаток и невидимый вход",893000.0,0.3594
100000008172352100,входящие извне выборки,"отдал 290 тыс ₸, получил в выборке 90 тыс ₸: разница 199 тыс ₸; проверить начальный остаток и невидимый вход",199245.0,0.3592
100000008625905100,входящие извне выборки,"отдал 635 тыс ₸, получил в выборке 198 тыс ₸: разница 437 тыс ₸; проверить начальный остаток и невидимый вход",437200.0,0.3584
100000004527381100,входящие извне выборки,"отдал 274 тыс ₸, получил в выборке 119 тыс ₸: разница 155 тыс ₸; проверить начальный остаток и невидимый вход",154532.94,0.3564
100000004480280100,входящие извне выборки,"отдал 296 тыс ₸, получил в выборке 147 тыс ₸: разница 149 тыс ₸; проверить начальный остаток и невидимый вход",149156.0,0.3564
100000002205022100,входящие извне выборки,"отдал 518 тыс ₸, получил в выборке 7 тыс ₸: разница 511 тыс ₸; проверить начальный остаток и невидимый вход",510900.0,0.3511
100000006169033100,входящие извне выборки,"отдал 1.1 млн ₸, получил в выборке 49 тыс ₸: разница 1.1 млн ₸; проверить начальный остаток и невидимый вход",1091271.0,0.3505
100000002109656100,снятие наличных / межбанк / покупки,"получил 500 тыс ₸ от 1, внутрибанковских исходящих нет",500000.0,0.35
100000002644285100,снятие наличных / межбанк / покупки,"получил 500 тыс ₸ от 1, внутрибанковских исходящих нет",500000.0,0.35
100000008722417100,входящие извне выборки,"отдал 720 тыс ₸, получил в выборке 332 тыс ₸: разница 388 тыс ₸; проверить начальный остаток и невидимый вход",388100.0,0.3499
100000002748532100,входящие извне выборки,"отдал 647 тыс ₸, получил в выборке 356 тыс ₸: разница 291 тыс ₸; проверить начальный остаток и невидимый вход",291110.0,0.3465
100000002799941100,снятие наличных / межбанк / покупки,"получил 600 тыс ₸ от 1, внутрибанковских исходящих нет",600000.0,0.3464
100000001677929100,входящие извне выборки,"отдал 286 тыс ₸, получил в выборке 127 тыс ₸: разница 159 тыс ₸; проверить начальный остаток и невидимый вход",159321.0,0.3462
100000008188026100,входящие извне выборки,"отдал 338 тыс ₸, получил в выборке 86 тыс ₸: разница 252 тыс ₸; проверить начальный остаток и невидимый вход",251515.16999999998,0.346
100000008636603100,входящие извне выборки,"отдал 159 тыс ₸, получил в выборке 35 тыс ₸: разница 124 тыс ₸; проверить начальный остаток и невидимый вход",123915.0,0.3455
100000001053894100,исходящие 5-го колена,обход оборван; модель: P(передаёт дальше)=0.83; получил 2 млн ₸,1667516.4403068624,0.344
100000005140601100,входящие извне выборки,"отдал 195 тыс ₸, получил в выборке 53 тыс ₸: разница 143 тыс ₸; проверить начальный остаток и невидимый вход",142615.0,0.3434
100000002773323100,входящие извне выборки,"отдал 1.2 млн ₸, получил в выборке 285 тыс ₸: разница 887 тыс ₸; проверить начальный остаток и невидимый вход",886644.0,0.3427
100000003589877100,входящие извне выборки,"отдал 416 тыс ₸, получил в выборке 176 тыс ₸: разница 240 тыс ₸; проверить начальный остаток и невидимый вход",240129.0,0.3422
100000002032323100,входящие извне выборки,"отдал 1.1 млн ₸, получил в выборке 300 тыс ₸: разница 750 тыс ₸; проверить начальный остаток и невидимый вход",750000.0,0.341
100000008175078100,исходящие 5-го колена,обход оборван; модель: P(передаёт дальше)=0.92; получил 1.8 млн ₸,1703447.6465316347,0.3405
100000008775471100,снятие наличных / межбанк / покупки,"получил 580 тыс ₸ от 1, внутрибанковских исходящих нет",580000.0,0.3405
100000005664922100,входящие извне выборки,"отдал 537 тыс ₸, получил в выборке 22 тыс ₸: разница 515 тыс ₸; проверить начальный остаток и невидимый вход",515000.0,0.3398
100000008430691100,входящие извне выборки,"отдал 605 тыс ₸, получил в выборке 20 тыс ₸: разница 585 тыс ₸; проверить начальный остаток и невидимый вход",584900.0,0.3393
100000007382543100,входящие извне выборки,"отдал 427 тыс ₸, получил в выборке 218 тыс ₸: разница 209 тыс ₸; проверить начальный остаток и невидимый вход",209000.0,0.3372
100000001526235100,входящие извне выборки,"отдал 433 тыс ₸, получил в выборке 82 тыс ₸: разница 351 тыс ₸; проверить начальный остаток и невидимый вход",350750.0,0.3346
100000004077081100,входящие извне выборки,"отдал 615 тыс ₸, получил в выборке 140 тыс ₸: разница 475 тыс ₸; проверить начальный остаток и невидимый вход",475000.0,0.3326
100000000490383100,входящие извне выборки,"отдал 461 тыс ₸, получил в выборке 63 тыс ₸: разница 399 тыс ₸; проверить начальный остаток и невидимый вход",398775.0,0.3314
100000008761219100,входящие извне выборки,"отдал 375 тыс ₸, получил в выборке 50 тыс ₸: разница 325 тыс ₸; проверить начальный остаток и невидимый вход",325000.0,0.3288
100000004398811100,входящие извне выборки,"отдал 1 млн ₸, получил в выборке 426 тыс ₸: разница 615 тыс ₸; проверить начальный остаток и невидимый вход",614672.0,0.3271
100000005665181100,входящие извне выборки,"отдал 182 тыс ₸, получил в выборке 45 тыс ₸: разница 136 тыс ₸; проверить начальный остаток и невидимый вход",136417.0,0.3257
100000003001661100,входящие извне выборки,"отдал 440 тыс ₸, получил в выборке 110 тыс ₸: разница 330 тыс ₸; проверить начальный остаток и невидимый вход",329500.0,0.3243
100000008587459100,входящие извне выборки,"отдал 686 тыс ₸, получил в выборке 182 тыс ₸: разница 505 тыс ₸; проверить начальный остаток и невидимый вход",504993.0,0.3241
100000005498992100,входящие seed (источник выручки),seed переправил 2.3 млн ₸; входящие seed в выгрузке неполны,2262868.0,0.3227
100000008490127100,входящие извне выборки,"отдал 923 тыс ₸, получил в выборке 432 тыс ₸: разница 491 тыс ₸; проверить начальный остаток и невидимый вход",491245.0,0.3223
100000008680731100,входящие seed (источник выручки),seed переправил 1.5 млн ₸; входящие seed в выгрузке неполны,1464354.0,0.3216
100000001317336100,входящие извне выборки,"отдал 1.8 млн ₸, получил в выборке 131 тыс ₸: разница 1.6 млн ₸; проверить начальный остаток и невидимый вход",1620804.0,0.3156
100000006240939100,входящие извне выборки,"отдал 778 тыс ₸, получил в выборке 160 тыс ₸: разница 618 тыс ₸; проверить начальный остаток и невидимый вход",618015.0,0.3147
100000003154105100,входящие извне выборки,"отдал 338 тыс ₸, получил в выборке 60 тыс ₸: разница 278 тыс ₸; проверить начальный остаток и невидимый вход",278000.0,0.3146
100000004269433100,входящие seed (источник выручки),seed переправил 1.4 млн ₸; входящие seed в выгрузке неполны,1372000.0,0.3143
100000005075949100,исходящие 5-го колена,обход оборван; модель: P(передаёт дальше)=0.69; получил 2.2 млн ₸,1544083.6631909197,0.3131
100000008121806100,входящие извне выборки,"отдал 249 тыс ₸, получил в выборке 67 тыс ₸: разница 182 тыс ₸; проверить начальный остаток и невидимый вход",181509.0,0.3091
100000000733451100,входящие извне выборки,"отдал 300 тыс ₸, получил в выборке 70 тыс ₸: разница 230 тыс ₸; проверить начальный остаток и невидимый вход",230000.0,0.3071
100000008258458100,входящие извне выборки,"отдал 1.6 млн ₸, получил в выборке 19 тыс ₸: разница 1.5 млн ₸; проверить начальный остаток и невидимый вход",1538988.0,0.3064
100000005634552100,входящие извне выборки,"отдал 1.2 млн ₸, получил в выборке 26 тыс ₸: разница 1.2 млн ₸; проверить начальный остаток и невидимый вход",1170150.0,0.3053
100000007392365100,входящие извне выборки,"отдал 1.8 млн ₸, получил в выборке 10 тыс ₸: разница 1.8 млн ₸; проверить начальный остаток и невидимый вход",1755987.0,0.3003
100000000413678100,входящие извне выборки,"отдал 528 тыс ₸, получил в выборке 306 тыс ₸: разница 222 тыс ₸; проверить начальный остаток и невидимый вход",221698.0,0.2976
100000003968044100,входящие извне выборки,"отдал 311 тыс ₸, получил в выборке 40 тыс ₸: разница 271 тыс ₸; проверить начальный остаток и невидимый вход",271000.0,0.2954
100000003616818100,входящие извне выборки,"отдал 240 тыс ₸, получил в выборке 78 тыс ₸: разница 162 тыс ₸; проверить начальный остаток и невидимый вход",162100.0,0.2938
100000001052945100,входящие извне выборки,"отдал 1.6 млн ₸, получил в выборке 57 тыс ₸: разница 1.5 млн ₸; проверить начальный остаток и невидимый вход",1539180.0,0.2937
100000008531133100,входящие извне выборки,"отдал 158 тыс ₸, получил в выборке 25 тыс ₸: разница 133 тыс ₸; проверить начальный остаток и невидимый вход",133271.68,0.2936
100000003917461100,входящие извне выборки,"отдал 140 тыс ₸, получил в выборке 10 тыс ₸: разница 130 тыс ₸; проверить начальный остаток и невидимый вход",130000.0,0.29
100000005264990100,входящие seed (источник выручки),seed переправил 122 тыс ₸; входящие seed в выгрузке неполны,122000.0,0.29
100000004715209100,входящие извне выборки,"отдал 350 тыс ₸, получил в выборке 5 тыс ₸: разница 345 тыс ₸; проверить начальный остаток и невидимый вход",345450.0,0.2896
100000001131403100,исходящие 5-го колена,обход оборван; модель: P(передаёт дальше)=0.56; получил 1.6 млн ₸,879293.1078787328,0.2895
100000005031696100,входящие извне выборки,"отдал 115 тыс ₸, получил в выборке 5 тыс ₸: разница 110 тыс ₸; проверить начальный остаток и невидимый вход",110000.0,0.2891
100000005547096100,входящие извне выборки,"отдал 226 тыс ₸, получил в выборке 8 тыс ₸: разница 218 тыс ₸; проверить начальный остаток и невидимый вход",218300.0,0.2885
100000007864477100,входящие извне выборки,"отдал 204 тыс ₸, получил в выборке 76 тыс ₸: разница 128 тыс ₸; проверить начальный остаток и невидимый вход",127500.0,0.286
100000008647905100,входящие извне выборки,"отдал 344 тыс ₸, получил в выборке 50 тыс ₸: разница 294 тыс ₸; проверить начальный остаток и невидимый вход",294222.0,0.285
100000000583220100,входящие извне выборки,"отдал 761 тыс ₸, получил в выборке 5 тыс ₸: разница 756 тыс ₸; проверить начальный остаток и невидимый вход",756255.0,0.2832
100000005048668100,входящие извне выборки,"отдал 159 тыс ₸, получил в выборке 17 тыс ₸: разница 143 тыс ₸; проверить начальный остаток и невидимый вход",142732.0,0.2824
100000008759857100,входящие извне выборки,"отдал 994 тыс ₸, получил в выборке 5 тыс ₸: разница 989 тыс ₸; проверить начальный остаток и невидимый вход",989000.0,0.281
100000004358004100,входящие seed (источник выручки),seed переправил 981 тыс ₸; входящие seed в выгрузке неполны,980850.0,0.2791
100000002513028100,входящие извне выборки,"отдал 333 тыс ₸, получил в выборке 10 тыс ₸: разница 323 тыс ₸; проверить начальный остаток и невидимый вход",323209.0,0.2752
100000002126791100,исходящие 5-го колена,обход оборван; модель: P(передаёт дальше)=0.55; получил 1.3 млн ₸,718050.2914627064,0.2738
100000001782980100,входящие извне выборки,"отдал 596 тыс ₸, получил в выборке 50 тыс ₸: разница 546 тыс ₸; проверить начальный остаток и невидимый вход",546200.0,0.272
100000005357705100,входящие извне выборки,"отдал 387 тыс ₸, получил в выборке 53 тыс ₸: разница 334 тыс ₸; проверить начальный остаток и невидимый вход",334485.0,0.2717
100000002481974100,входящие извне выборки,"отдал 318 тыс ₸, получил в выборке 89 тыс ₸: разница 229 тыс ₸; проверить начальный остаток и невидимый вход",228553.0,0.2717
100000007982728100,входящие seed (источник выручки),seed переправил 1.8 млн ₸; входящие seed в выгрузке неполны,1804384.0,0.2689
100000001788284100,входящие извне выборки,"отдал 297 тыс ₸, получил в выборке 8 тыс ₸: разница 289 тыс ₸; проверить начальный остаток и невидимый вход",288700.0,0.2637
100000005815602100,входящие извне выборки,"отдал 165 тыс ₸, получил в выборке 20 тыс ₸: разница 145 тыс ₸; проверить начальный остаток и невидимый вход",145000.0,0.2634
100000003037476100,исходящие 5-го колена,обход оборван; модель: P(передаёт дальше)=0.51; получил 555 тыс ₸,285227.2374100594,0.2614
100000002306369100,входящие извне выборки,"отдал 261 тыс ₸, получил в выборке 73 тыс ₸: разница 188 тыс ₸; проверить начальный остаток и невидимый вход",187734.0,0.2576
100000003190207100,входящие извне выборки,"отдал 377 тыс ₸, получил в выборке 5 тыс ₸: разница 372 тыс ₸; проверить начальный остаток и невидимый вход",372000.0,0.2564
100000004420041100,входящие извне выборки,"отдал 652 тыс ₸, получил в выборке 70 тыс ₸: разница 582 тыс ₸; проверить начальный остаток и невидимый вход",582192.0,0.256
100000001439416100,входящие извне выборки,"отдал 165 тыс ₸, получил в выборке 10 тыс ₸: разница 155 тыс ₸; проверить начальный остаток и невидимый вход",155000.0,0.254
100000003321895100,входящие извне выборки,"отдал 554 тыс ₸, получил в выборке 24 тыс ₸: разница 530 тыс ₸; проверить начальный остаток и невидимый вход",529830.0,0.2531
100000004508696100,входящие извне выборки,"отдал 111 тыс ₸, получил в выборке 7 тыс ₸: разница 104 тыс ₸; проверить начальный остаток и невидимый вход",104000.0,0.2518
100000000640800100,входящие извне выборки,"отдал 518 тыс ₸, получил в выборке 80 тыс ₸: разница 438 тыс ₸; проверить начальный остаток и невидимый вход",438135.0,0.2503
100000001427082100,входящие извне выборки,"отдал 125 тыс ₸, получил в выборке 5 тыс ₸: разница 120 тыс ₸; проверить начальный остаток и невидимый вход",119900.0,0.248
100000007472293100,входящие извне выборки,"отдал 346 тыс ₸, получил в выборке 5 тыс ₸: разница 341 тыс ₸; проверить начальный остаток и невидимый вход",340900.0,0.2465
100000005316708100,входящие извне выборки,"отдал 258 тыс ₸, получил в выборке 90 тыс ₸: разница 168 тыс ₸; проверить начальный остаток и невидимый вход",167500.0,0.2465
100000001893287100,входящие извне выборки,"отдал 153 тыс ₸, получил в выборке 18 тыс ₸: разница 135 тыс ₸; проверить начальный остаток и невидимый вход",134700.0,0.2455
100000004388983100,входящие seed (источник выручки),seed переправил 451 тыс ₸; входящие seed в выгрузке неполны,450816.0,0.2442
100000008760098100,входящие извне выборки,"отдал 390 тыс ₸, получил в выборке 7 тыс ₸: разница 383 тыс ₸; проверить начальный остаток и невидимый вход",383000.0,0.2423
100000004644615100,входящие извне выборки,"отдал 380 тыс ₸, получил в выборке 51 тыс ₸: разница 329 тыс ₸; проверить начальный остаток и невидимый вход",328855.0,0.2423
100000001222245100,исходящие 5-го колена,обход оборван; модель: P(передаёт дальше)=0.78; получил 420 тыс ₸,328161.29052476067,0.2393
100000003843844100,входящие извне выборки,"отдал 238 тыс ₸, получил в выборке 17 тыс ₸: разница 221 тыс ₸; проверить начальный остаток и невидимый вход",221320.0,0.2388
100000008293431100,входящие извне выборки,"отдал 297 тыс ₸, получил в выборке 15 тыс ₸: разница 282 тыс ₸; проверить начальный остаток и невидимый вход",282000.0,0.234
100000003985389100,исходящие 5-го колена,обход оборван; модель: P(передаёт дальше)=0.99; получил 423 тыс ₸,419972.35787177127,0.2304
100000003025903100,исходящие 5-го колена,обход оборван; модель: P(передаёт дальше)=0.81; получил 386 тыс ₸,313563.7708863209,0.2301
100000003873332100,входящие извне выборки,"отдал 286 тыс ₸, получил в выборке 23 тыс ₸: разница 263 тыс ₸; проверить начальный остаток и невидимый вход",262532.0,0.2246
100000003718715100,исходящие 5-го колена,обход оборван; модель: P(передаёт дальше)=0.58; получил 915 тыс ₸,535171.994899202,0.2239
100000008469048100,исходящие 5-го колена,обход оборван; модель: P(передаёт дальше)=0.82; получил 265 тыс ₸,217006.811950674,0.2211
100000001287955100,входящие извне выборки,"отдал 310 тыс ₸, получил в выборке 18 тыс ₸: разница 292 тыс ₸; проверить начальный остаток и невидимый вход",292480.0,0.2184
100000006638021100,исходящие 5-го колена,обход оборван; модель: P(передаёт дальше)=0.50; получил 388 тыс ₸,195226.6357682271,0.2182
100000008713270100,входящие извне выборки,"отдал 190 тыс ₸, получил в выборке 30 тыс ₸: разница 160 тыс ₸; проверить начальный остаток и невидимый вход",160000.0,0.2167
100000002748180100,входящие извне выборки,"отдал 680 тыс ₸, получил в выборке 10 тыс ₸: разница 670 тыс ₸; проверить начальный остаток и невидимый вход",669843.0,0.2141
100000003001564100,входящие извне выборки,"отдал 180 тыс ₸, получил в выборке 24 тыс ₸: разница 156 тыс ₸; проверить начальный остаток и невидимый вход",156480.0,0.2139
100000004586598100,исходящие 5-го колена,обход оборван; модель: P(передаёт дальше)=0.65; получил 761 тыс ₸,496598.5380520832,0.2115
100000008722541100,исходящие 5-го колена,обход оборван; модель: P(передаёт дальше)=0.64; получил 280 тыс ₸,178500.56168861897,0.2082
100000005041905100,входящие извне выборки,"отдал 1.1 млн ₸, получил в выборке 5 тыс ₸: разница 1.1 млн ₸; проверить начальный остаток и невидимый вход",1075351.0,0.2056
100000001831496100,входящие извне выборки,"отдал 373 тыс ₸, получил в выборке 25 тыс ₸: разница 348 тыс ₸; проверить начальный остаток и невидимый вход",348000.0,0.2047
100000008675322100,исходящие 5-го колена,обход оборван; модель: P(передаёт дальше)=0.64; получил 340 тыс ₸,216611.6372467448,0.2037
100000008632060100,входящие извне выборки,"отдал 339 тыс ₸, получил в выборке 6 тыс ₸: разница 333 тыс ₸; проверить начальный остаток и невидимый вход",333200.0,0.2012
100000008003034100,входящие извне выборки,"отдал 135 тыс ₸, получил в выборке 12 тыс ₸: разница 123 тыс ₸; проверить начальный остаток и невидимый вход",122799.0,0.2006
100000007591246100,входящие извне выборки,"отдал 120 тыс ₸, получил в выборке 12 тыс ₸: разница 108 тыс ₸; проверить начальный остаток и невидимый вход",107810.0,0.198
100000004813068100,входящие seed (источник выручки),seed переправил 297 тыс ₸; входящие seed в выгрузке неполны,297000.0,0.1939
100000005958064100,входящие извне выборки,"отдал 164 тыс ₸, получил в выборке 6 тыс ₸: разница 158 тыс ₸; проверить начальный остаток и невидимый вход",158240.84,0.192
100000008695157100,исходящие 5-го колена,обход оборван; модель: P(передаёт дальше)=0.55; получил 426 тыс ₸,236076.14353852408,0.1823
100000003989033100,исходящие 5-го колена,обход оборван; модель: P(передаёт дальше)=0.98; получил 373 тыс ₸,364333.2912527984,0.1819
100000006232642100,исходящие 5-го колена,обход оборван; модель: P(передаёт дальше)=0.63; получил 456 тыс ₸,285132.5006222348,0.1804
100000007018630100,входящие seed (источник выручки),seed переправил 200 тыс ₸; входящие seed в выгрузке неполны,200000.0,0.1797
100000001471706100,исходящие 5-го колена,обход оборван; модель: P(передаёт дальше)=0.90; получил 377 тыс ₸,338480.2574653895,0.1787
100000005485830100,входящие seed (источник выручки),seed переправил 276 тыс ₸; входящие seed в выгрузке неполны,275885.0,0.1767
100000004006327100,исходящие 5-го колена,обход оборван; модель: P(передаёт дальше)=0.59; получил 300 тыс ₸,176529.1196300255,0.1742
100000004200745100,исходящие 5-го колена,обход оборван; модель: P(передаёт дальше)=0.64; получил 130 тыс ₸,83084.89464487671,0.1735
100000002860934100,исходящие 5-го колена,обход оборван; модель: P(передаёт дальше)=0.72; получил 280 тыс ₸,200347.75024259184,0.1714
100000003192309100,входящие извне выборки,"отдал 213 тыс ₸, получил в выборке 17 тыс ₸: разница 196 тыс ₸; проверить начальный остаток и невидимый вход",195800.0,0.1658
100000008522127100,входящие seed (источник выручки),seed переправил 145 тыс ₸; входящие seed в выгрузке неполны,145000.0,0.1637
100000001378288100,исходящие 5-го колена,обход оборван; модель: P(передаёт дальше)=0.62; получил 268 тыс ₸,166829.30032758493,0.1629
100000008738526100,входящие извне выборки,"отдал 140 тыс ₸, получил в выборке 15 тыс ₸: разница 125 тыс ₸; проверить начальный остаток и невидимый вход",125000.0,0.1538
100000000557536100,исходящие 5-го колена,обход оборван; модель: P(передаёт дальше)=0.85; получил 153 тыс ₸,129298.20617877234,0.1534
100000006756956100,исходящие 5-го колена,обход оборван; модель: P(передаёт дальше)=0.68; получил 121 тыс ₸,82035.16662259096,0.1532
100000006308406100,исходящие 5-го колена,обход оборван; модель: P(передаёт дальше)=0.50; получил 183 тыс ₸,91939.84721185002,0.1515
100000004610802100,исходящие 5-го колена,обход оборван; модель: P(передаёт дальше)=0.99; получил 241 тыс ₸,238221.06349374575,0.1514
100000001724740100,исходящие 5-го колена,обход оборван; модель: P(передаёт дальше)=0.52; получил 185 тыс ₸,96013.96742365304,0.1511
100000007511780100,исходящие 5-го колена,обход оборван; модель: P(передаёт дальше)=0.51; получил 155 тыс ₸,78637.81071582745,0.147
100000008190411100,исходящие 5-го колена,обход оборван; модель: P(передаёт дальше)=0.95; получил 198 тыс ₸,188076.2747282908,0.1402
100000003696422100,исходящие 5-го колена,обход оборван; модель: P(передаёт дальше)=0.50; получил 118 тыс ₸,59526.002191779226,0.14
100000005417257100,входящие seed (источник выручки),seed переправил 106 тыс ₸; входящие seed в выгрузке неполны,106000.0,0.1397
100000005360814100,исходящие 5-го колена,обход оборван; модель: P(передаёт дальше)=0.55; получил 144 тыс ₸,79095.5769704534,0.1319
100000003186579100,исходящие 5-го колена,обход оборван; модель: P(передаёт дальше)=0.51; получил 110 тыс ₸,55796.71150251006,0.1254
100000000456947100,межбанк / наличные / переводы <5 тыс ₸,узел без внутрибанковских переводов ≥5 тыс ₸ за период,0.0,0.0093
100000003265658100,межбанк / наличные / переводы <5 тыс ₸,узел без внутрибанковских переводов ≥5 тыс ₸ за период,0.0,0.0093
100000003349739100,межбанк / наличные / переводы <5 тыс ₸,узел без внутрибанковских переводов ≥5 тыс ₸ за период,0.0,0.0093
100000003770083100,межбанк / наличные / переводы <5 тыс ₸,узел без внутрибанковских переводов ≥5 тыс ₸ за период,0.0,0.0093
100000004021459100,межбанк / наличные / переводы <5 тыс ₸,узел без внутрибанковских переводов ≥5 тыс ₸ за период,0.0,0.0093
100000004174835100,межбанк / наличные / переводы <5 тыс ₸,узел без внутрибанковских переводов ≥5 тыс ₸ за период,0.0,0.0093
100000005017150100,межбанк / наличные / переводы <5 тыс ₸,узел без внутрибанковских переводов ≥5 тыс ₸ за период,0.0,0.0093
100000005087431100,межбанк / наличные / переводы <5 тыс ₸,узел без внутрибанковских переводов ≥5 тыс ₸ за период,0.0,0.0093
100000005235389100,межбанк / наличные / переводы <5 тыс ₸,узел без внутрибанковских переводов ≥5 тыс ₸ за период,0.0,0.0093
100000005480435100,межбанк / наличные / переводы <5 тыс ₸,узел без внутрибанковских переводов ≥5 тыс ₸ за период,0.0,0.0093
100000005495722100,межбанк / наличные / переводы <5 тыс ₸,узел без внутрибанковских переводов ≥5 тыс ₸ за период,0.0,0.0093
100000005550592100,межбанк / наличные / переводы <5 тыс ₸,узел без внутрибанковских переводов ≥5 тыс ₸ за период,0.0,0.0093
100000005560900100,межбанк / наличные / переводы <5 тыс ₸,узел без внутрибанковских переводов ≥5 тыс ₸ за период,0.0,0.0093
100000005568407100,межбанк / наличные / переводы <5 тыс ₸,узел без внутрибанковских переводов ≥5 тыс ₸ за период,0.0,0.0093
100000008117324100,межбанк / наличные / переводы <5 тыс ₸,узел без внутрибанковских переводов ≥5 тыс ₸ за период,0.0,0.0093
100000008205000100,межбанк / наличные / переводы <5 тыс ₸,узел без внутрибанковских переводов ≥5 тыс ₸ за период,0.0,0.0093
100000008513251100,межбанк / наличные / переводы <5 тыс ₸,узел без внутрибанковских переводов ≥5 тыс ₸ за период,0.0,0.0093
100000008669037100,межбанк / наличные / переводы <5 тыс ₸,узел без внутрибанковских переводов ≥5 тыс ₸ за период,0.0,0.0093
100000008701222100,межбанк / наличные / переводы <5 тыс ₸,узел без внутрибанковских переводов ≥5 тыс ₸ за период,0.0,0.0093
